ID,Sexo,idade,Cor_pele,Telefone_movel,Anos_estudo
1,2,30,8,4,2
2,4,36,8,2,9
3,2,19,2,2,12
7,2,26,2,2,16
8,4,21,2,2,11
13,2,31,2,2,4
15,4,48,8,2,1
16,4,49,2,2,12
17,4,44,2,4,12
18,2,23,8,2,7
19,4,43,8,2,17
20,4,29,2,4,16
21,4,30,8,2,15
22,2,25,2,2,16
23,2,25,8,2,7
24,2,35,4,2,12
25,2,27,2,2,16
26,4,37,6,2,12
27,4,46,8,2,12
28,4,71,2,2,5
29,4,45,8,2,8
32,2,46,8,2,12
33,2,31,6,2,8
35,4,26,2,4,5
36,4,82,4,2,1
40,4,51,2,2,5
43,4,40,8,2,6
44,2,54,8,4,1
46,4,23,4,2,12
47,2,50,2,2,5
48,2,27,4,2,5
49,4,47,8,2,12
50,4,58,8,4,5
51,4,66,2,4,1
52,4,18,0,4,5
58,4,48,2,2,9
61,2,73,2,2,6
62,2,45,8,2,5
63,2,42,8,2,16
64,4,52,6,2,16
65,4,33,8,2,8
66,4,33,4,2,2
68,4,43,8,2,1
74,2,27,8,2,12
75,4,25,8,2,12
77,4,55,8,2,5
78,4,19,2,2,4
82,2,38,2,2,12
83,4,38,8,2,6
87,2,34,8,4,3
88,2,62,8,2,1
89,2,44,2,2,5
90,2,77,2,2,1
92,2,28,8,4,1
93,4,47,8,4,1
94,4,50,8,2,5
95,2,23,2,4,5
97,2,43,8,4,2
98,4,46,8,2,1
102,2,62,8,4,1
104,2,32,2,4,16
107,2,37,8,2,4
108,2,54,8,2,12
110,2,23,8,4,10
111,4,53,2,2,6
112,2,79,8,2,3
114,2,33,8,2,9
116,2,42,4,4,9
117,4,29,2,2,16
119,2,24,8,2,6
120,2,31,8,2,12
121,4,45,8,2,9
123,2,41,2,2,9
125,2,28,8,2,11
126,4,30,8,2,16
128,2,20,8,2,7
129,4,64,2,2,16
131,4,61,8,2,12
132,2,38,2,2,16
133,2,28,8,2,12
134,4,54,2,2,12
135,4,34,2,2,12
136,2,21,8,2,10
137,2,20,8,2,8
144,2,19,8,2,9
145,2,50,8,2,9
146,4,27,2,2,12
147,4,42,8,2,12
149,4,39,2,2,9
152,4,21,8,2,8
153,4,44,2,2,7
157,4,22,8,2,12
158,4,20,8,2,12
160,2,30,8,2,12
163,4,36,8,4,4
165,2,22,2,4,1
168,4,49,8,4,2
171,4,66,8,4,1
172,4,23,8,2,11
173,2,38,8,2,1
175,2,22,8,4,11
176,2,28,2,4,12
177,2,50,8,4,1
178,4,33,8,4,1
179,2,82,8,4,1
181,4,41,2,2,16
182,4,58,8,2,4
184,4,64,8,2,16
185,2,36,2,2,16
186,4,76,8,4,1
191,4,41,4,2,12
192,2,20,8,2,12
196,2,18,8,4,8
197,2,41,4,4,6
200,4,22,2,2,1
202,4,25,2,2,7
203,2,19,8,2,5
204,2,41,8,2,4
205,2,25,2,2,12
206,2,73,4,2,5
207,4,32,8,2,9
208,2,23,8,2,12
209,2,36,8,4,10
210,4,66,8,2,1
213,4,30,8,2,12
214,4,37,8,2,1
215,4,37,2,2,12
216,4,70,8,2,13
219,4,56,2,4,2
221,4,33,2,2,12
225,2,47,4,2,11
226,4,55,8,2,12
229,4,30,8,4,8
230,2,18,8,2,8
232,2,40,8,2,12
234,2,33,8,4,6
235,4,45,4,4,1
236,2,50,8,4,6
237,4,43,8,2,3
238,4,27,8,4,10
239,2,38,2,4,16
240,4,35,8,2,12
241,2,37,8,2,16
242,4,66,2,2,14
243,2,53,8,2,16
244,4,47,4,2,4
248,4,38,8,2,8
250,4,22,8,2,15
251,4,36,2,2,12
253,4,66,8,2,12
254,2,25,2,2,12
255,4,48,8,2,7
256,2,45,2,2,12
258,2,18,8,4,10
259,4,37,8,2,10
260,4,34,2,2,9
264,4,26,8,4,9
265,4,77,8,2,9
266,4,49,6,2,12
267,2,33,2,2,10
268,4,87,8,4,9
270,2,59,8,2,16
271,4,71,2,2,5
272,2,55,8,2,5
274,2,23,4,2,10
275,2,31,8,2,12
276,4,67,8,2,10
278,4,34,8,2,12
279,2,19,8,2,13
280,2,52,8,2,16
281,4,39,8,2,16
282,2,50,8,2,4
284,2,19,8,2,8
286,4,66,8,2,4
288,4,25,2,2,9
289,2,31,8,2,12
292,4,56,8,2,10
293,2,74,2,2,5
299,2,42,8,4,2
300,2,46,2,2,6
302,2,43,8,2,1
303,4,78,8,2,5
304,4,28,8,2,2
305,2,39,8,2,9
306,2,24,8,2,16
307,2,67,8,2,4
309,2,63,8,2,4
310,4,25,2,2,10
313,4,30,8,2,14
315,4,51,2,2,8
316,4,21,2,4,11
319,2,33,2,2,10
320,2,32,8,2,6
321,4,48,2,4,1
322,4,93,2,4,1
325,4,78,2,4,3
326,4,22,8,2,12
330,4,46,8,4,1
332,2,24,8,2,12
333,4,30,8,4,12
334,4,23,8,2,12
336,4,26,8,2,12
337,4,18,8,2,11
342,2,46,8,2,16
343,4,40,8,2,13
344,4,80,8,4,1
347,4,36,8,4,5
348,2,40,8,2,8
349,2,28,8,2,4
350,2,22,8,2,10
353,4,48,8,2,12
354,2,27,8,2,7
355,4,29,8,2,1
360,2,27,8,2,10
361,4,35,8,2,12
362,4,25,8,2,9
364,2,22,8,2,1
365,2,42,4,2,5
368,2,41,8,4,2
372,4,52,8,2,1
376,2,66,8,2,2
377,4,19,8,4,9
378,4,19,8,2,10
379,4,27,8,4,5
381,4,45,8,2,5
382,4,58,2,4,1
383,4,53,4,2,2
385,2,41,8,4,6
387,4,23,8,2,9
388,4,36,8,2,6
395,2,31,8,2,1
398,2,38,8,4,4
401,2,51,8,4,1
404,2,23,8,4,12
407,2,55,8,2,3
408,2,53,8,4,2
410,2,55,2,4,5
411,4,49,4,4,2
412,2,43,8,4,12
414,4,35,8,2,12
417,2,44,8,2,11
418,2,34,8,2,16
420,4,32,8,2,12
422,2,49,8,2,9
423,4,33,8,2,12
425,2,24,8,4,12
426,2,48,4,4,1
427,4,22,2,4,6
428,4,22,4,4,10
429,2,18,8,2,9
431,4,36,8,2,12
433,2,64,4,4,1
434,2,19,8,4,10
435,2,37,4,4,6
437,4,38,4,4,9
438,2,37,4,4,1
439,2,30,2,4,9
440,2,47,8,2,6
442,4,38,8,2,16
443,4,22,8,2,12
445,2,45,4,2,12
446,4,41,2,2,12
448,4,35,8,2,1
449,4,87,8,4,1
451,2,62,8,2,1
452,4,38,4,2,12
455,2,32,8,2,7
456,2,20,8,4,9
457,2,32,8,4,12
458,2,54,4,4,1
459,2,32,2,4,9
460,4,32,4,4,5
461,4,63,8,2,1
463,2,35,8,2,17
465,4,62,2,2,8
467,2,18,8,2,11
469,4,58,8,2,5
470,2,51,4,4,5
471,4,44,2,4,11
472,2,45,8,4,12
474,2,18,8,4,8
475,4,52,8,2,5
476,2,23,8,2,12
477,2,18,4,2,12
478,4,41,8,2,16
479,4,60,8,2,3
481,4,39,8,2,16
483,4,28,4,2,12
484,4,25,8,2,16
485,4,34,8,2,4
487,2,32,2,2,12
489,4,42,2,4,12
491,2,43,8,4,3
492,2,31,8,2,12
494,4,35,2,2,5
495,4,61,2,2,2
497,4,24,8,2,12
499,4,40,8,2,10
500,4,48,8,2,7
502,4,67,4,4,1
503,4,33,8,4,5
510,2,31,8,4,5
511,4,22,8,2,15
512,4,45,8,4,1
513,4,24,2,2,16
514,2,21,8,2,5
515,2,18,8,2,9
519,2,38,8,2,9
520,2,27,8,2,12
521,2,30,2,2,11
522,2,53,8,2,1
523,4,53,4,2,9
524,4,24,8,2,12
525,2,27,8,2,9
526,2,33,4,2,1
527,2,28,8,4,8
529,4,30,8,4,5
530,2,29,2,4,5
532,4,24,4,2,12
533,2,43,2,2,9
534,2,66,8,2,6
538,2,46,8,4,1
542,2,49,4,2,9
543,2,24,8,2,6
544,4,21,8,2,11
545,4,22,2,2,16
546,2,23,8,2,8
547,2,24,2,2,12
548,4,48,8,2,3
551,4,41,8,2,10
552,4,20,8,2,13
554,2,42,8,2,1
556,4,22,8,4,7
557,4,86,2,2,1
558,2,47,8,4,4
560,4,63,8,4,1
561,4,39,2,2,1
562,2,83,8,2,8
563,4,59,8,4,1
564,2,28,8,4,6
565,2,23,8,2,9
566,4,66,8,4,1
567,4,20,8,4,9
569,4,31,8,4,6
570,4,20,8,4,7
571,2,56,8,2,1
573,2,18,8,2,8
574,2,48,8,4,1
575,2,30,8,2,5
581,4,43,8,2,16
583,4,66,2,4,4
584,2,28,8,4,3
587,4,32,8,4,5
588,4,53,2,4,3
589,4,26,8,4,3
592,2,39,8,2,5
595,2,25,8,2,5
596,2,29,8,2,12
598,4,18,8,4,11
599,4,26,4,4,5
601,4,30,8,2,12
602,4,47,2,2,16
603,4,54,8,2,1
604,4,28,8,2,12
605,4,44,8,2,5
607,2,22,2,2,12
608,2,45,2,2,1
609,4,30,8,2,6
610,4,36,2,2,9
613,2,61,8,2,1
614,4,49,8,4,10
616,4,68,8,4,3
617,4,43,8,2,12
619,2,20,8,4,9
620,4,59,2,4,12
622,2,25,8,2,5
624,2,79,8,4,1
626,2,37,8,2,5
628,4,62,8,4,1
629,4,50,8,4,3
630,2,38,8,2,1
631,4,47,8,2,4
633,2,41,8,2,1
634,2,48,8,4,3
637,2,64,8,4,6
638,2,34,8,4,5
640,2,43,2,2,12
641,4,34,8,2,15
642,2,42,8,2,7
644,4,21,8,2,9
645,4,45,8,2,6
647,2,28,8,2,6
650,4,24,8,2,12
651,2,48,2,2,13
654,4,23,8,2,12
655,2,26,8,2,12
656,4,23,8,2,12
657,4,43,2,2,12
658,4,24,8,2,16
659,4,72,2,4,6
661,2,49,4,4,1
663,2,46,8,2,9
665,4,18,2,2,11
666,4,36,8,2,14
668,2,54,2,2,12
669,4,22,2,2,12
671,2,47,8,2,9
672,2,34,2,2,16
673,4,47,8,2,10
675,2,37,2,2,12
677,4,40,8,2,16
678,2,48,2,2,16
679,2,61,2,2,6
683,2,72,4,2,9
684,2,45,2,2,13
685,2,27,2,2,16
687,2,53,8,2,16
688,4,39,2,2,1
689,4,36,2,2,3
690,2,37,2,2,16
691,4,30,8,2,17
692,4,44,2,2,14
693,4,25,2,2,16
694,4,53,8,2,1
695,2,25,2,2,9
697,2,51,2,2,12
699,4,53,8,2,16
700,2,18,2,2,11
701,4,38,8,2,1
702,4,56,4,4,1
703,2,31,2,2,13
704,4,52,2,2,4
705,4,47,8,2,12
706,2,25,2,2,13
707,4,28,8,4,6
708,4,38,8,2,9
710,2,27,2,2,7
711,4,30,2,2,9
712,4,66,8,2,1
713,2,23,8,2,9
715,2,33,2,2,5
716,4,26,8,2,8
717,4,33,8,2,14
719,2,51,8,2,5
720,4,28,8,2,12
721,4,87,8,2,1
722,4,30,8,2,6
724,2,58,2,2,16
729,2,82,8,2,6
730,4,56,8,4,1
731,2,23,8,2,12
732,4,25,8,2,12
733,4,45,4,2,7
735,4,25,2,2,16
736,4,28,8,2,16
737,2,21,8,2,11
738,4,24,8,2,12
741,4,46,8,2,16
746,4,43,2,2,9
748,2,93,2,2,6
749,2,48,8,2,12
750,4,43,2,2,12
751,2,20,2,2,12
752,2,36,8,2,14
753,4,83,8,2,3
754,4,41,8,2,16
756,4,58,8,2,6
759,2,50,8,4,1
760,2,20,2,4,6
762,2,18,2,2,11
763,2,25,2,2,8
765,2,21,8,2,4
766,4,51,2,2,4
767,4,34,8,4,9
769,4,28,2,4,5
771,4,40,8,2,7
773,2,35,8,2,4
774,2,19,8,2,13
777,4,37,8,2,7
778,4,35,2,2,16
779,4,28,8,2,12
780,4,71,8,2,1
781,2,23,8,2,7
782,2,66,8,2,6
783,4,19,2,2,12
784,2,38,8,2,1
787,2,27,2,2,12
788,2,26,2,2,1
789,4,66,2,2,4
790,4,24,8,2,12
793,4,44,8,4,9
794,4,32,8,2,9
795,4,28,2,2,1
797,4,34,8,2,9
798,2,26,8,2,12
800,4,20,2,2,12
802,2,36,2,2,9
803,4,63,8,4,1
804,4,60,8,2,1
805,4,76,8,2,1
807,2,68,8,2,1
809,4,67,2,4,1
810,2,33,8,4,4
811,2,31,2,2,12
812,2,27,8,2,11
813,2,18,2,4,8
814,4,21,8,2,13
816,2,44,2,2,12
817,4,63,8,4,3
818,2,46,2,4,3
819,2,22,8,2,12
820,2,34,2,2,13
821,2,46,8,4,5
825,2,47,2,2,16
826,2,31,8,2,10
829,4,24,8,2,9
830,2,24,8,2,11
831,4,46,8,2,9
832,2,19,4,4,9
835,2,33,8,4,3
836,2,19,8,2,9
838,2,24,2,2,7
839,4,24,4,4,12
840,4,21,8,4,13
841,4,42,8,4,3
842,4,63,2,4,1
843,2,42,2,2,3
845,2,73,8,4,1
846,2,32,8,2,9
847,4,29,8,2,9
848,4,26,2,2,10
849,2,41,8,2,7
851,2,24,8,4,5
853,2,60,8,2,3
854,4,25,8,4,6
856,2,35,8,2,1
857,4,76,2,4,1
858,4,22,8,2,9
862,4,34,8,4,2
863,2,31,8,2,10
864,4,27,2,2,16
865,4,37,8,2,12
866,4,27,2,2,16
867,4,37,2,2,9
868,4,40,8,2,12
869,4,31,2,4,7
870,2,66,8,4,1
871,4,62,8,2,1
872,2,20,8,2,9
874,4,32,8,2,5
875,2,23,8,2,3
876,2,74,8,2,2
877,2,31,8,2,7
879,2,27,8,2,12
881,4,41,8,2,12
882,4,68,8,4,1
884,2,46,2,4,1
886,4,43,4,2,5
887,4,21,8,2,12
890,4,63,8,2,9
891,4,29,2,2,16
892,4,30,2,2,14
893,4,30,8,2,10
897,4,32,2,2,12
900,2,54,2,2,12
902,4,59,8,2,1
903,2,76,2,4,16
904,2,32,8,2,9
905,4,39,8,2,12
906,2,36,8,2,6
907,2,39,8,2,8
909,2,25,8,2,10
910,4,57,2,2,7
911,2,34,2,2,16
912,4,20,8,2,10
914,2,78,2,4,1
915,4,23,8,2,10
916,2,29,8,2,7
918,2,70,2,2,4
920,4,49,8,2,2
922,2,44,8,2,4
927,2,26,8,2,1
931,4,26,2,2,12
932,4,30,8,2,8
934,4,35,8,2,9
935,2,33,2,2,6
936,4,97,2,2,5
937,4,19,8,4,8
938,4,61,2,4,3
939,2,38,2,2,9
940,4,70,2,4,5
942,2,52,8,4,1
943,2,38,8,2,11
944,4,74,2,4,2
945,4,26,2,2,4
947,2,74,8,4,1
948,2,68,2,2,12
949,4,82,8,2,1
950,2,71,8,2,1
951,2,29,2,2,12
952,4,20,8,2,12
953,2,22,2,2,12
954,4,51,8,2,5
956,2,30,2,2,8
957,4,47,8,2,12
960,4,19,8,2,9
961,2,35,8,2,7
966,4,72,8,4,1
969,2,29,4,4,6
971,4,54,2,2,16
972,2,57,2,2,9
973,4,23,8,2,9
975,4,44,6,2,12
976,4,40,8,2,8
977,4,51,8,2,7
978,2,46,4,2,9
983,2,30,8,4,7
984,4,66,8,4,3
985,2,24,8,4,5
987,2,27,8,4,12
989,4,38,8,4,1
991,2,31,8,2,4
993,2,35,8,2,9
995,2,25,2,2,8
996,2,42,8,2,2
998,2,56,8,4,1
999,4,35,8,2,12
1000,4,35,8,4,3
1001,4,26,2,2,12
1002,2,29,2,2,12
1003,2,27,8,2,12
1004,2,58,2,4,2
1006,2,24,8,2,9
1008,4,26,2,2,5
1012,2,18,2,2,17
1013,2,36,2,2,9
1016,2,35,2,2,1
1017,4,28,2,2,6
1019,2,50,8,2,5
1020,2,25,8,2,5
1022,2,30,8,2,6
1024,2,33,8,2,5
1025,2,31,4,2,16
1026,2,60,8,2,7
1027,4,78,8,2,1
1029,4,64,2,2,13
1032,4,22,8,2,13
1034,4,22,8,2,7
1035,4,63,8,2,4
1036,4,25,4,4,7
1039,2,25,8,2,6
1040,2,76,2,2,5
1042,2,21,2,2,11
1044,4,58,8,2,1
1045,2,41,8,2,12
1047,4,28,8,2,5
1049,2,31,8,4,1
1051,4,40,8,2,1
1052,2,31,2,4,9
1054,2,24,8,2,2
1055,4,26,8,4,12
1056,2,27,2,2,14
1057,4,36,2,2,3
1061,4,42,8,2,6
1062,4,31,8,2,16
1063,2,34,8,4,5
1064,4,23,2,2,7
1065,2,43,4,2,9
1067,2,23,8,2,4
1068,4,31,4,2,9
1069,2,31,8,2,11
1070,2,25,8,2,5
1071,2,48,8,2,12
1073,4,54,8,2,5
1075,4,31,2,2,8
1076,4,48,8,4,3
1078,4,26,8,2,12
1079,2,25,8,2,8
1080,2,46,2,2,16
1081,4,57,8,2,5
1082,4,44,8,2,6
1083,2,77,8,2,5
1084,4,39,8,4,9
1085,4,47,8,2,9
1086,4,50,2,2,12
1087,2,41,4,2,12
1088,2,42,8,2,5
1089,2,29,8,2,15
1090,4,34,2,2,9
1091,2,38,8,2,4
1094,4,39,2,2,9
1095,2,43,4,2,12
1096,2,57,8,2,12
1097,2,21,8,2,12
1098,2,32,2,2,7
1099,2,41,8,2,12
1100,4,32,4,2,9
1102,2,24,2,2,15
1103,2,68,2,4,5
1104,2,33,2,2,9
1105,2,43,2,2,12
1107,4,32,2,2,12
1110,2,53,8,2,9
1111,2,19,8,2,10
1113,2,29,4,2,7
1114,2,24,2,2,7
1116,2,41,2,2,12
1117,4,34,8,2,5
1118,4,48,8,2,9
1121,2,57,2,2,3
1122,4,66,2,2,10
1123,4,32,2,2,9
1124,4,44,4,2,12
1125,4,49,2,2,16
1126,2,43,8,4,1
1127,2,59,4,2,12
1128,2,57,8,4,6
1129,4,36,8,2,5
1131,2,45,2,2,6
1132,2,24,2,2,3
1134,2,69,8,2,8
1135,4,53,2,2,16
1136,4,18,2,2,10
1137,2,30,2,2,1
1139,4,34,2,2,12
1140,2,57,8,2,5
1141,4,21,8,2,5
1143,4,22,8,2,9
1144,4,77,8,2,8
1146,4,21,2,4,12
1148,4,26,8,2,6
1151,2,42,8,2,11
1156,2,63,8,4,5
1159,4,50,2,4,12
1160,2,76,8,4,1
1164,2,28,8,2,1
1166,4,71,8,4,1
1167,2,18,8,2,12
1168,4,68,2,2,5
1170,2,21,8,2,12
1171,2,20,8,2,5
1172,4,25,8,2,12
1175,2,40,2,2,3
1177,4,63,2,2,7
1178,2,39,8,2,1
1179,2,26,2,2,12
1180,2,23,2,2,12
1181,4,40,4,2,16
1182,2,54,8,2,6
1183,4,25,8,2,12
1187,2,48,8,2,8
1189,2,63,8,2,6
1190,4,39,2,2,12
1191,2,31,2,2,10
1192,4,47,8,2,16
1193,2,50,8,2,10
1194,4,20,8,2,12
1195,4,61,2,2,12
1197,2,22,2,2,12
1198,4,74,8,2,1
1201,4,49,8,2,10
1202,2,40,8,4,9
1205,4,44,2,2,5
1206,2,43,8,2,16
1207,2,60,8,2,9
1208,2,18,2,2,11
1210,4,32,2,2,12
1212,2,33,8,2,12
1213,2,72,2,2,12
1214,4,20,4,2,1
1215,2,44,8,2,8
1216,2,42,8,2,8
1217,4,19,8,2,12
1219,2,27,2,4,12
1221,2,52,2,4,1
1222,4,66,2,2,4
1224,2,29,2,4,12
1225,4,67,2,2,9
1226,2,36,8,2,12
1228,2,72,8,4,6
1229,2,57,2,2,1
1230,2,28,2,2,16
1231,2,50,2,2,5
1232,4,46,8,2,16
1235,4,30,8,2,16
1236,2,53,2,2,9
1237,2,92,2,2,5
1238,2,19,2,2,11
1239,4,75,8,4,1
1240,4,35,2,2,12
1243,2,43,2,2,1
1247,4,70,2,2,12
1248,4,34,8,4,6
1250,4,28,2,4,4
1252,2,58,2,2,5
1256,2,65,2,2,9
1258,2,19,8,2,12
1259,4,36,2,2,8
1260,2,44,8,2,5
1261,2,18,8,2,17
1262,2,19,8,2,6
1264,2,62,2,2,1
1265,4,22,8,2,12
1266,4,48,8,2,12
1269,4,39,8,4,7
1271,2,58,8,2,5
1272,4,56,2,2,14
1275,2,27,2,2,14
1276,4,48,8,2,7
1277,4,52,8,2,5
1279,4,35,8,2,12
1280,4,91,8,2,1
1281,4,24,2,4,5
1282,4,43,2,2,12
1283,2,46,8,4,4
1284,4,42,4,2,1
1285,2,68,8,4,5
1286,4,43,8,4,1
1287,2,18,8,2,2
1288,2,30,8,4,7
1291,2,24,8,4,9
1293,4,25,8,2,12
1294,4,55,2,4,6
1295,4,35,8,4,4
1296,2,25,2,4,5
1297,2,23,8,4,2
1298,2,21,2,2,9
1299,4,20,8,2,9
1300,2,21,8,4,6
1301,4,41,8,4,4
1302,4,22,8,4,8
1305,2,50,2,4,7
1308,4,94,8,4,1
1309,2,33,2,2,1
1310,2,59,8,4,1
1312,4,32,8,2,7
1313,2,51,8,2,6
1315,4,58,2,4,5
1318,4,67,8,4,3
1323,4,22,8,4,7
1324,2,29,8,4,4
1325,4,45,8,4,1
1326,2,41,8,2,11
1327,4,30,8,4,1
1328,2,49,8,4,4
1329,4,42,8,4,3
1331,4,22,2,2,6
1335,2,86,8,4,3
1336,4,30,8,4,1
1337,4,53,8,4,1
1338,2,22,8,2,10
1339,4,26,8,2,11
1340,4,35,8,2,12
1341,4,18,8,2,10
1344,2,19,8,4,5
1345,4,26,2,2,6
1346,4,62,8,2,1
1347,2,30,8,4,5
1348,4,79,8,4,1
1349,4,49,2,2,16
1350,2,33,2,2,16
1351,4,78,8,2,5
1352,2,28,8,2,16
1353,2,56,2,2,12
1359,2,26,4,2,12
1360,2,23,8,2,12
1364,4,23,2,2,15
1365,2,21,8,2,6
1367,4,45,8,2,5
1368,4,25,8,2,11
1369,4,46,2,2,5
1370,2,38,8,2,12
1371,4,32,2,4,5
1372,4,22,2,2,14
1374,4,33,8,4,1
1375,2,67,2,2,1
1376,4,26,2,2,4
1378,2,45,8,2,9
1381,2,22,8,2,2
1382,4,64,2,2,5
1390,2,18,8,2,3
1395,4,40,2,2,9
1396,2,22,4,2,7
1399,4,33,2,2,16
1400,2,30,8,2,16
1401,2,39,4,2,3
1402,2,38,8,4,8
1403,2,25,2,2,5
1404,2,63,8,4,4
1405,2,23,4,2,8
1407,2,37,4,2,8
1409,4,40,8,4,5
1410,4,33,4,4,7
1411,4,21,8,4,2
1412,4,32,4,4,1
1413,4,40,4,4,1
1414,4,39,4,4,11
1415,2,59,8,2,6
1416,4,86,2,2,1
1418,4,37,4,2,12
1419,4,20,8,4,1
1420,2,45,8,2,12
1421,2,24,4,2,9
1424,4,37,8,4,1
1425,2,22,8,4,9
1426,2,39,2,4,4
1427,2,40,8,4,5
1430,4,23,8,4,12
1431,4,52,8,4,1
1433,4,20,8,2,7
1434,4,31,8,4,2
1436,2,38,4,4,3
1437,4,47,2,4,1
1438,4,30,2,2,12
1439,2,32,2,2,12
1440,2,78,8,4,4
1441,4,39,8,4,4
1442,2,61,8,4,1
1443,4,38,8,4,5
1444,4,28,8,2,12
1446,4,31,2,2,4
1448,2,34,8,2,10
1449,4,29,8,2,12
1451,4,73,8,2,5
1454,2,27,8,2,8
1457,2,19,8,2,10
1459,2,72,2,4,5
1460,2,63,8,4,2
1462,2,38,8,4,1
1463,4,76,8,4,1
1464,4,31,2,4,1
1465,2,24,8,4,3
1468,4,72,8,4,1
1470,4,29,4,4,5
1472,2,25,8,2,11
1474,4,36,2,4,3
1475,2,31,8,4,4
1477,2,20,8,2,12
1478,4,83,8,4,1
1479,4,80,4,2,1
1480,2,20,4,2,10
1481,4,60,4,2,6
1483,4,31,8,2,16
1484,4,94,2,2,1
1485,2,27,8,2,6
1486,4,33,4,2,15
1488,2,24,8,4,6
1489,2,81,8,4,1
1491,2,34,2,4,5
1492,2,29,8,4,10
1498,4,31,8,2,9
1499,4,55,8,4,4
1501,2,39,2,4,4
1502,2,24,8,4,9
1503,2,50,8,4,1
1504,2,22,8,4,8
1505,4,43,2,2,12
1507,4,41,2,4,5
1508,4,21,8,4,12
1509,4,20,8,2,12
1510,4,46,8,2,9
1512,2,27,8,2,8
1514,2,23,4,2,9
1516,4,72,8,4,1
1519,4,44,8,4,4
1521,2,23,8,4,1
1522,2,36,2,4,8
1526,2,31,8,2,4
1527,2,26,8,4,6
1528,2,65,8,4,5
1531,4,68,8,4,1
1533,2,33,8,2,6
1536,2,39,2,2,7
1537,4,48,4,2,12
1538,2,21,8,2,10
1539,2,46,8,2,9
1541,2,61,8,4,1
1542,2,47,8,4,5
1544,2,39,8,4,12
1545,2,62,8,4,2
1548,2,29,8,2,12
1549,2,28,4,2,12
1550,2,26,8,2,12
1551,2,50,8,4,1
1552,2,26,8,2,12
1553,2,22,8,2,6
1554,2,24,2,4,8
1555,4,36,8,4,4
1557,4,33,2,2,4
1558,2,65,8,4,1
1559,2,36,8,2,12
1560,4,47,8,2,7
1561,2,53,2,2,12
1562,2,76,8,4,1
1563,2,45,8,2,1
1564,2,27,2,2,12
1565,2,18,2,2,9
1567,2,43,8,2,9
1568,2,18,4,2,6
1569,2,29,8,2,10
1571,4,44,8,2,1
1572,4,44,8,2,12
1573,4,23,8,2,8
1575,4,50,8,4,3
1576,4,61,8,4,10
1577,4,36,8,2,1
1580,4,41,8,2,12
1581,4,27,8,2,12
1582,4,29,8,2,5
1583,2,51,2,2,7
1584,4,50,2,4,4
1585,2,77,2,4,1
1587,4,25,2,4,8
1588,4,55,8,4,1
1590,2,35,8,2,6
1591,4,42,8,2,16
1592,2,43,4,2,16
1593,2,77,4,4,9
1594,4,23,4,2,12
1595,4,50,8,2,11
1596,4,38,4,2,3
1597,4,50,8,2,12
1598,4,25,2,2,13
1599,2,41,4,2,5
1600,4,30,8,2,15
1601,4,26,2,2,15
1603,2,74,2,2,16
1604,4,28,2,2,16
1605,4,56,4,2,6
1608,4,19,8,2,9
1609,4,27,8,2,14
1610,4,18,4,2,12
1611,2,58,8,2,12
1612,4,20,8,2,12
1614,2,40,8,2,6
1615,4,35,8,2,7
1617,4,58,8,2,1
1618,2,44,4,2,12
1619,2,37,8,2,12
1620,2,41,8,2,12
1622,4,38,2,2,6
1624,4,57,4,2,12
1625,2,20,8,2,12
1626,2,24,8,2,10
1627,4,24,4,2,11
1628,4,58,8,2,8
1629,4,41,8,2,7
1630,2,27,4,4,12
1631,4,39,4,2,12
1632,2,23,8,4,6
1633,2,46,4,2,9
1634,2,53,4,2,13
1636,4,47,4,2,16
1637,4,39,4,4,12
1638,2,27,8,2,12
1639,4,35,8,2,2
1640,4,32,8,2,12
1641,4,44,8,2,5
1642,4,33,8,2,3
1643,2,25,8,2,1
1644,2,24,8,2,1
1646,2,29,8,2,12
1650,2,19,4,2,10
1651,2,69,8,4,1
1652,4,57,2,2,12
1653,4,28,8,2,12
1654,2,44,8,2,9
1659,4,24,8,2,15
1660,2,70,4,2,3
1662,4,41,4,2,16
1663,2,31,8,2,12
1664,4,25,4,2,12
1665,2,33,8,2,12
1666,4,55,2,2,16
1667,2,43,4,2,12
1669,4,72,4,4,1
1670,4,42,4,4,12
1672,2,33,4,2,10
1673,4,19,8,2,7
1674,4,24,8,2,12
1676,4,34,8,2,15
1677,4,18,8,2,11
1680,2,76,8,4,9
1684,2,34,8,2,12
1687,4,28,8,2,12
1691,4,37,4,2,9
1692,4,53,2,2,16
1697,4,42,4,2,2
1698,2,25,8,2,9
1699,4,50,8,2,9
1700,4,57,8,2,14
1701,2,27,8,2,5
1702,4,31,4,2,6
1703,4,64,2,2,4
1704,4,47,8,4,9
1705,2,59,4,4,4
1707,2,39,8,2,12
1708,4,22,8,2,12
1709,2,63,8,2,4
1710,2,52,2,4,1
1711,4,42,2,4,2
1718,4,47,2,4,1
1719,2,44,8,4,1
1720,4,29,8,4,6
1721,4,18,2,4,12
1722,2,23,8,2,12
1723,2,21,8,2,5
1724,4,44,8,2,10
1725,4,36,2,2,7
1726,4,38,8,4,8
1727,2,41,4,4,1
1731,2,66,2,2,12
1732,2,30,8,2,8
1733,4,29,8,4,5
1734,2,25,8,2,13
1735,2,26,4,2,4
1736,4,29,8,4,3
1737,4,25,8,2,16
1741,2,64,2,4,4
1742,4,22,8,4,6
1743,2,56,2,2,16
1744,2,26,2,2,12
1745,4,53,4,4,9
1746,2,60,8,2,5
1747,4,45,8,2,1
1748,4,45,2,2,8
1749,2,76,2,2,1
1751,4,61,4,2,5
1752,4,34,8,4,5
1753,2,19,2,2,12
1755,2,25,2,2,7
1757,2,44,2,2,16
1758,4,38,8,2,10
1760,2,49,2,2,11
1761,2,44,2,2,16
1763,4,71,8,4,5
1764,4,91,2,4,12
1765,2,36,2,2,16
1766,4,21,2,2,12
1770,4,82,2,4,5
1771,4,52,8,2,12
1773,2,46,8,2,6
1774,4,38,2,2,11
1775,4,24,8,2,12
1776,2,41,2,2,8
1777,2,67,8,2,4
1779,4,52,2,2,9
1780,4,36,2,2,12
1781,4,66,8,2,5
1782,2,21,8,2,12
1783,4,37,4,2,8
1785,2,39,2,2,16
1786,2,60,2,2,12
1788,2,45,2,2,9
1789,4,59,2,2,16
1790,2,26,2,2,16
1791,2,23,8,4,6
1792,2,28,8,2,12
1794,2,68,2,2,5
1795,2,19,2,2,12
1796,4,44,2,2,12
1798,4,41,4,2,9
1800,4,58,2,2,5
1801,4,20,8,2,13
1802,2,41,2,2,15
1803,2,70,2,4,5
1804,4,62,8,2,5
1805,4,57,2,2,5
1807,2,22,8,2,12
1808,2,22,8,2,11
1809,4,56,8,2,5
1810,4,41,8,2,1
1812,4,33,8,2,3
1816,2,41,8,2,7
1817,4,22,8,4,9
1818,4,32,8,2,12
1819,2,20,2,2,8
1820,4,31,8,2,12
1821,4,63,2,2,5
1822,2,51,4,4,1
1825,4,65,2,4,5
1827,4,24,2,2,12
1828,2,76,2,4,3
1829,4,30,8,2,12
1832,2,38,2,4,7
1836,2,44,8,2,4
1837,2,54,8,2,5
1838,4,46,8,2,5
1839,4,45,2,2,12
1841,4,34,2,2,12
1842,4,32,8,2,5
1843,4,48,8,2,5
1847,4,41,6,2,16
1849,4,53,2,2,4
1850,2,37,8,4,8
1853,2,41,8,2,5
1855,4,70,2,2,5
1856,4,46,2,2,12
1857,4,24,2,2,12
1860,4,20,8,2,13
1861,2,25,8,2,11
1862,4,48,2,2,12
1863,4,37,8,2,5
1867,2,26,8,2,9
1868,4,28,4,4,12
1869,2,67,8,4,4
1871,4,54,8,2,5
1872,4,23,2,4,10
1873,2,51,8,2,5
1874,2,25,8,2,12
1875,2,33,4,2,12
1877,4,75,2,2,1
1879,2,35,8,2,16
1880,4,24,8,2,12
1881,2,18,2,2,10
1882,2,28,8,2,9
1884,4,44,8,4,5
1885,2,63,2,2,3
1886,2,65,4,4,1
1887,4,46,2,2,12
1888,4,36,4,2,4
1891,4,21,2,2,15
1892,2,30,2,4,4
1893,4,62,4,4,1
1896,4,43,2,2,12
1897,2,71,2,2,12
1898,4,71,2,2,9
1899,2,52,2,2,12
1900,4,59,2,2,5
1901,4,76,2,4,1
1903,4,40,2,2,9
1904,4,58,2,2,5
1905,2,25,8,2,9
1907,2,36,2,2,12
1909,4,29,8,2,12
1911,4,63,8,4,5
1912,2,44,2,4,3
1914,2,56,8,2,3
1916,4,73,0,2,9
1917,2,37,2,2,6
1919,4,21,2,2,12
1920,2,59,2,4,1
1922,2,18,2,4,9
1925,4,75,4,4,1
1927,2,28,2,2,12
1928,4,36,8,2,15
1929,4,27,8,2,12
1931,2,26,8,4,12
1932,4,23,8,2,12
1934,2,53,4,2,3
1938,2,32,2,2,9
1939,2,53,8,4,4
1941,4,20,8,2,14
1942,4,46,2,2,5
1943,4,34,8,2,9
1945,2,48,8,2,12
1946,2,42,2,2,5
1948,2,60,2,2,5
1949,4,20,2,2,14
1951,2,19,2,2,8
1953,2,28,2,2,12
1954,4,66,8,2,2
1955,2,63,4,2,9
1957,2,42,2,2,12
1958,4,39,4,2,12
1959,2,28,2,2,7
1960,4,24,2,2,6
1961,2,54,4,2,1
1962,2,47,4,2,8
1963,2,33,8,2,12
1964,4,27,8,2,5
1965,2,24,2,4,8
1968,4,21,8,2,12
1969,2,30,2,2,12
1970,2,48,2,4,5
1971,4,45,2,2,4
1973,2,45,2,2,5
1978,4,36,4,2,6
1980,2,61,2,2,5
1982,4,21,8,2,12
1983,4,60,2,2,5
1984,4,31,8,4,7
1985,4,49,8,2,10
1987,2,19,2,2,12
1988,4,48,2,2,9
1989,2,26,2,2,12
1990,2,51,2,2,12
1991,4,62,4,4,1
1993,2,35,2,4,5
1994,2,25,8,2,5
1995,2,45,4,4,5
1996,2,28,8,2,5
1997,4,71,2,2,2
1998,4,36,8,2,12
2002,4,41,2,2,16
2003,4,47,2,4,4
2004,4,33,8,2,3
2005,4,18,2,4,5
2006,4,34,2,2,5
2007,2,30,2,4,12
2008,2,93,2,2,13
2009,4,19,2,2,5
2010,4,39,8,4,5
2011,2,43,8,2,1
2012,4,66,8,2,9
2016,2,59,2,2,3
2017,4,25,2,2,9
2018,2,49,2,2,9
2019,4,67,8,4,1
2020,4,19,8,2,14
2021,2,33,8,4,12
2022,2,64,2,2,5
2024,2,48,4,2,12
2025,4,43,2,2,14
2027,4,30,8,4,10
2028,2,22,2,4,8
2030,4,93,8,4,1
2031,2,71,8,2,5
2032,2,45,2,2,9
2033,4,25,8,2,9
2035,2,45,8,2,6
2036,4,29,8,2,6
2037,2,48,8,2,2
2038,2,19,2,2,13
2039,4,36,2,4,5
2040,4,24,8,2,8
2042,4,31,2,2,12
2043,2,18,8,2,8
2044,4,47,4,2,12
2047,2,25,8,2,12
2048,2,45,8,2,1
2050,4,45,8,2,6
2051,4,36,2,2,9
2052,4,48,8,4,5
2053,2,25,2,2,12
2054,2,41,2,4,5
2055,2,37,4,4,8
2057,4,41,8,2,16
2058,2,24,8,2,7
2059,4,25,2,4,5
2060,4,58,2,2,1
2061,2,35,2,2,12
2062,4,51,2,2,5
2063,4,25,2,2,17
2065,4,50,2,2,12
2066,4,60,2,4,3
2067,4,57,2,2,12
2068,4,58,2,2,6
2069,4,46,4,4,8
2070,4,30,2,2,16
2071,2,77,2,2,1
2073,4,32,4,4,12
2075,2,21,8,2,14
2076,2,51,8,2,9
2077,2,25,8,2,11
2078,4,81,8,4,1
2079,2,46,4,2,3
2080,4,51,4,4,4
2083,4,21,2,2,16
2084,4,48,2,2,1
2086,4,24,8,2,12
2088,4,19,2,2,7
2089,4,18,2,2,8
2090,2,30,4,4,4
2092,4,64,2,4,16
2093,2,34,2,2,5
2094,2,60,8,2,10
2095,4,34,8,2,5
2096,4,51,8,2,1
2097,2,38,8,2,10
2098,4,43,8,2,8
2102,2,26,2,2,12
2103,2,39,8,2,12
2104,4,49,8,2,6
2106,2,81,8,2,1
2110,4,53,2,2,5
2111,4,47,0,2,8
2112,4,57,2,2,12
2113,4,33,8,2,9
2114,4,31,8,2,16
2115,4,30,8,2,1
2116,4,20,8,2,12
2117,4,20,8,2,13
2118,2,22,8,2,11
2119,2,24,2,2,12
2121,4,28,8,2,5
2122,4,78,2,4,5
2124,4,31,2,2,14
2125,4,77,8,2,3
2126,4,40,2,2,12
2127,2,47,8,2,6
2131,2,37,2,2,12
2134,4,32,2,2,6
2135,2,59,2,4,3
2137,4,35,4,2,12
2138,4,22,8,2,12
2139,4,24,2,2,12
2140,2,45,2,2,5
2141,4,29,8,2,12
2142,4,70,4,4,5
2143,4,20,8,2,12
2144,4,47,8,2,7
2145,4,21,2,2,9
2147,4,49,2,4,9
2148,4,49,8,2,5
2150,4,59,8,4,5
2152,4,50,2,4,5
2153,2,27,2,4,7
2154,4,85,2,4,1
2155,4,61,2,4,1
2156,2,20,8,2,12
2157,4,43,2,2,12
2162,4,40,4,2,6
2163,2,29,4,2,12
2165,4,43,2,2,14
2166,4,65,8,4,1
2167,2,56,4,4,6
2168,2,32,8,2,10
2169,2,50,2,2,16
2170,2,45,2,2,4
2171,4,74,8,4,1
2173,4,46,8,2,10
2175,2,31,8,4,12
2177,4,33,8,2,6
2180,4,67,8,4,5
2181,4,49,2,2,3
2182,2,50,8,4,12
2183,2,76,2,4,3
2184,2,36,8,4,5
2185,2,40,8,2,7
2186,4,31,8,2,7
2187,4,22,8,2,11
2188,2,19,8,2,12
2190,4,49,2,4,5
2191,4,40,2,4,8
2193,4,60,8,4,12
2194,4,19,2,2,8
2195,2,75,2,2,12
2197,4,52,8,2,12
2198,4,44,8,2,9
2199,4,37,2,2,12
2200,4,55,2,2,16
2201,2,20,2,2,12
2205,4,43,8,2,12
2206,2,29,4,2,12
2207,2,37,2,2,14
2208,2,77,2,2,16
2209,4,79,2,2,16
2210,2,32,2,2,16
2211,4,58,2,2,16
2212,4,52,2,2,16
2213,2,56,2,2,12
2214,4,19,2,2,12
2215,2,31,8,2,1
2216,4,80,2,2,12
2218,4,41,4,2,12
2219,4,69,2,4,5
2220,2,36,2,2,12
2221,2,22,8,2,9
2222,4,18,2,2,11
2223,4,47,8,2,6
2225,4,53,2,2,11
2226,4,24,2,2,14
2227,4,38,2,2,12
2228,2,22,2,2,12
2230,4,57,8,4,9
2233,4,77,2,4,1
2236,2,47,2,2,3
2237,4,25,8,2,12
2238,2,57,2,2,3
2240,2,33,4,2,8
2241,4,58,2,2,16
2243,2,23,4,2,10
2247,2,55,2,2,16
2248,2,80,4,2,12
2249,4,68,2,4,4
2250,4,21,8,2,12
2251,4,56,2,2,5
2252,2,68,8,4,1
2256,2,52,2,2,15
2257,4,58,2,4,12
2258,4,30,2,2,12
2259,4,73,2,2,12
2260,4,76,2,4,10
2261,2,34,2,2,16
2262,4,59,2,2,16
2263,4,77,2,4,12
2264,2,63,2,2,16
2265,4,49,2,2,16
2266,2,55,2,2,16
2267,2,56,8,2,12
2268,4,41,4,2,9
2269,4,53,2,2,12
2270,4,36,2,2,13
2271,2,27,2,2,15
2272,2,28,2,2,12
2273,2,44,2,2,12
2274,2,41,2,2,13
2275,4,35,2,2,12
2276,4,40,2,4,11
2277,4,41,2,2,13
2278,2,36,2,2,12
2279,4,81,2,2,9
2280,4,28,2,2,12
2281,4,65,4,2,5
2282,4,66,2,2,5
2283,2,30,8,2,9
2284,4,61,2,4,6
2285,4,27,8,2,11
2286,2,40,8,2,12
2287,2,55,2,2,12
2288,4,26,2,2,13
2290,2,63,8,2,6
2291,4,62,2,2,12
2292,4,56,2,2,9
2293,4,46,2,2,16
2294,2,35,4,2,12
2295,2,19,8,2,11
2296,2,23,4,2,11
2297,4,33,2,2,12
2298,4,59,2,2,5
2299,2,53,2,2,16
2300,2,49,8,2,5
2303,2,46,8,2,12
2304,2,54,2,2,3
2305,4,36,8,2,12
2306,2,36,2,2,12
2307,2,59,8,4,12
2309,4,42,8,2,9
2311,4,85,8,2,5
2312,4,41,2,2,15
2313,4,87,2,4,1
2314,4,48,2,2,16
2315,4,51,2,2,16
2316,4,66,2,2,12
2317,4,61,2,2,12
2318,4,50,2,2,12
2319,2,41,2,2,10
2320,4,51,4,4,11
2322,2,20,2,2,11
2323,4,41,2,2,12
2324,2,25,4,2,12
2325,2,59,8,2,9
2326,2,38,4,2,1
2328,2,60,2,4,1
2329,2,53,2,2,12
2330,2,32,4,2,1
2331,2,66,8,2,4
2332,4,58,8,2,12
2334,4,23,8,2,12
2335,2,72,4,2,6
2336,2,64,2,2,16
2337,4,36,2,2,15
2338,4,64,2,2,12
2340,4,55,2,4,4
2341,2,46,2,2,12
2342,4,32,2,4,9
2343,4,41,2,2,12
2345,4,63,2,4,12
2347,2,57,2,4,5
2348,2,51,8,2,5
2349,2,67,2,2,5
2350,2,41,2,2,16
2351,4,41,8,2,9
2352,4,57,8,2,5
2353,2,26,2,2,9
2355,4,65,2,2,1
2357,4,29,8,2,2
2358,4,61,4,4,12
2360,4,22,8,2,11
2362,4,27,2,2,12
2363,2,20,4,2,7
2364,4,62,2,2,1
2365,4,30,2,2,9
2366,4,39,2,2,12
2367,4,42,8,2,12
2368,2,32,2,4,5
2369,2,38,2,2,6
2371,2,71,2,4,12
2373,4,30,8,2,13
2374,2,24,2,2,9
2375,4,53,8,2,1
2376,4,22,8,2,11
2377,2,28,2,2,2
2378,4,42,8,2,9
2379,2,39,2,2,5
2381,2,32,2,2,16
2382,2,51,2,2,5
2383,2,37,8,2,5
2385,4,31,2,2,16
2386,2,44,8,2,8
2388,2,39,2,2,12
2389,4,52,2,2,12
2390,4,26,4,2,12
2391,2,21,2,2,12
2392,4,21,2,2,12
2393,4,45,8,2,2
2396,2,25,2,2,14
2398,4,24,2,2,16
2399,2,19,2,2,10
2400,4,35,2,2,12
2401,4,19,2,2,11
2403,4,45,8,2,1
2404,2,34,2,2,12
2405,2,45,2,2,12
2408,4,40,8,2,7
2410,4,85,2,4,2
2411,4,35,2,2,9
2412,2,38,2,2,9
2414,4,28,2,2,12
2416,2,25,8,2,8
2417,4,37,2,2,1
2419,4,23,8,2,7
2420,2,54,6,2,5
2421,2,25,8,2,12
2422,2,45,8,4,5
2423,4,70,2,4,5
2424,4,48,2,2,5
2425,2,41,4,2,2
2426,2,32,8,2,16
2427,2,34,8,2,4
2428,4,35,4,2,9
2429,4,25,2,2,14
2430,2,31,2,2,12
2432,2,86,2,4,6
2433,2,43,2,2,8
2434,4,47,2,2,11
2435,2,36,2,2,12
2436,2,32,6,2,14
2437,2,39,2,4,9
2440,4,22,8,2,12
2441,2,39,2,2,12
2442,4,23,8,2,15
2443,2,35,2,2,12
2444,4,56,2,2,4
2445,2,29,2,2,12
2446,4,30,2,2,15
2448,4,49,8,2,5
2449,2,25,2,2,12
2450,4,20,2,2,12
2451,2,68,2,2,5
2452,4,31,8,4,5
2453,2,42,2,2,3
2454,4,54,8,4,3
2455,4,47,8,2,4
2456,2,30,2,2,12
2459,4,35,8,2,6
2461,4,20,2,2,11
2463,4,40,8,2,12
2464,4,37,2,2,6
2465,4,32,8,2,5
2466,4,48,2,2,14
2467,4,68,2,2,1
2468,2,64,2,2,4
2469,2,61,2,2,12
2470,2,21,2,2,12
2471,4,64,2,4,4
2472,4,64,2,2,5
2473,4,42,2,2,16
2474,4,50,8,2,7
2475,4,44,8,4,6
2476,2,61,2,2,1
2478,2,78,2,2,4
2480,2,34,2,2,12
2482,4,82,2,4,1
2483,4,52,2,2,9
2484,2,18,8,2,12
2485,4,33,8,4,1
2486,2,54,2,2,4
2487,2,30,2,4,12
2490,4,32,2,2,12
2492,4,23,8,2,6
2493,4,40,2,2,12
2494,2,19,2,2,12
2495,4,49,2,4,5
2496,2,36,8,2,9
2499,2,29,2,2,16
2501,4,39,2,2,15
2502,2,44,2,2,9
2503,4,42,2,2,12
2504,2,47,2,2,16
2505,2,25,2,2,16
2506,2,38,2,2,16
2507,4,48,2,2,16
2508,2,24,2,2,12
2510,4,43,8,2,12
2511,4,40,4,2,6
2512,2,37,8,2,9
2513,2,35,8,4,7
2514,2,44,6,2,12
2515,2,62,2,2,12
2516,4,36,2,2,9
2517,2,39,8,2,4
2519,4,34,2,2,11
2520,2,47,2,2,12
2521,4,88,2,2,1
2527,4,47,8,2,6
2529,2,26,2,2,12
2530,4,29,2,2,12
2531,2,44,2,2,12
2533,4,40,8,2,6
2534,4,56,8,4,1
2536,4,44,2,2,15
2537,2,49,2,2,16
2539,2,53,2,2,4
2540,4,28,2,2,12
2541,4,59,2,2,12
2542,4,39,6,2,16
2543,4,32,2,2,13
2544,4,40,2,2,12
2545,2,26,2,2,9
2546,2,56,2,2,16
2547,2,18,2,2,12
2548,4,22,8,4,2
2549,4,36,2,2,6
2550,4,20,2,4,9
2551,4,53,2,2,11
2554,4,50,8,2,5
2556,4,36,8,2,9
2558,4,53,2,4,1
2559,2,20,4,2,9
2560,4,53,2,2,9
2562,2,73,2,2,1
2563,2,26,8,2,12
2564,4,27,2,2,12
2565,2,51,8,2,7
2566,4,34,8,2,12
2567,4,29,2,2,12
2570,2,60,2,2,5
2572,4,34,8,2,5
2573,2,19,8,2,9
2574,4,39,2,2,12
2575,4,41,2,2,16
2576,4,45,2,2,15
2577,4,50,2,2,10
2578,4,42,2,2,6
2579,2,34,2,2,8
2580,2,29,2,2,9
2582,4,45,2,2,5
2583,4,70,8,2,4
2585,4,31,2,2,12
2586,4,22,2,2,12
2588,2,28,2,2,5
2589,4,37,8,2,5
2590,2,54,8,2,9
2593,2,18,2,2,8
2594,2,39,4,2,5
2596,4,73,2,4,1
2597,2,26,8,2,7
2602,2,61,2,2,5
2603,4,22,2,2,12
2604,4,53,2,2,10
2606,4,33,2,4,7
2607,4,21,2,2,15
2608,2,48,2,2,8
2609,2,21,2,2,12
2611,2,18,2,2,8
2612,2,31,4,2,12
2613,4,66,6,2,5
2614,4,35,2,2,12
2615,4,40,2,4,12
2616,2,44,8,4,9
2617,2,71,8,4,1
2619,4,30,2,2,16
2620,4,46,2,2,16
2621,2,52,2,2,16
2622,2,28,2,2,12
2623,2,22,8,2,12
2624,4,41,2,2,6
2627,4,30,8,2,8
2628,4,24,2,2,10
2629,2,41,2,2,12
2630,2,36,2,2,14
2632,2,20,8,4,6
2634,2,82,2,4,1
2636,2,59,2,4,5
2639,2,20,8,2,10
2640,2,45,8,2,12
2641,4,25,2,2,12
2642,2,24,2,4,10
2643,4,77,4,2,4
2644,2,25,4,2,12
2646,4,32,2,2,16
2647,2,43,2,2,12
2648,2,20,2,2,12
2649,4,40,2,2,9
2650,2,35,2,4,12
2651,2,46,2,2,12
2652,4,49,2,4,9
2653,2,27,8,2,14
2654,4,56,8,2,5
2658,2,50,2,2,16
2659,4,38,8,2,16
2661,4,20,2,2,12
2664,4,48,2,2,12
2665,4,87,2,4,1
2666,2,45,2,2,16
2667,4,31,2,2,16
2668,4,71,2,2,5
2669,4,49,2,2,9
2670,2,21,2,2,12
2671,2,57,2,2,5
2673,2,47,8,2,5
2676,2,18,2,2,11
2677,2,36,8,2,9
2678,2,52,2,4,16
2679,4,21,2,2,12
2681,4,46,2,2,16
2682,4,26,2,2,12
2684,4,32,8,2,16
2685,4,34,2,2,12
2686,2,37,2,2,6
2687,2,26,2,2,16
2688,2,27,8,2,9
2690,4,47,2,2,5
2691,2,29,8,2,12
2692,2,53,2,2,16
2694,2,34,8,2,3
2695,2,23,2,2,12
2696,4,76,4,2,4
2697,4,36,2,2,16
2698,2,26,4,2,10
2699,4,18,4,2,12
2700,2,58,8,2,5
2701,4,81,2,4,5
2702,2,55,8,4,1
2705,4,19,2,2,12
2708,4,32,4,2,13
2709,4,45,8,2,8
2710,2,24,2,2,12
2711,4,36,2,2,16
2712,4,70,2,4,5
2714,2,20,2,2,12
2716,4,47,2,4,3
2718,4,29,8,2,12
2720,4,30,2,2,8
2721,2,58,8,2,3
2722,2,57,8,2,5
2723,2,23,2,4,9
2724,4,28,2,2,9
2725,4,41,8,2,12
2729,2,45,2,4,1
2731,2,55,2,4,4
2732,2,33,4,2,9
2734,2,42,4,4,12
2735,2,67,2,2,16
2736,2,28,2,2,12
2740,2,52,2,2,16
2741,4,49,2,2,16
2742,4,60,2,2,9
2743,4,67,2,2,5
2745,2,23,2,2,16
2746,4,33,2,2,15
2747,2,52,2,2,16
2748,2,28,2,2,16
2749,4,29,8,2,9
2751,2,27,8,2,12
2752,4,47,4,2,11
2753,2,37,2,2,12
2754,4,62,2,2,12
2755,4,76,8,2,4
2757,2,51,2,2,16
2759,4,48,2,2,16
2760,4,25,2,2,12
2761,2,52,8,2,8
2765,4,70,2,4,3
2766,2,28,2,2,12
2767,2,21,2,2,14
2768,2,29,8,4,7
2769,4,39,2,2,16
2770,2,35,2,2,16
2771,4,52,2,2,5
2773,4,29,2,2,16
2774,2,39,8,2,12
2775,4,42,8,2,12
2777,4,50,8,2,8
2778,4,41,2,2,9
2780,2,25,2,2,12
2782,4,24,6,2,15
2785,4,33,2,2,1
2786,4,49,2,2,5
2788,4,40,2,2,12
2789,4,53,2,2,12
2790,2,25,2,2,12
2791,2,63,2,4,5
2794,4,18,2,2,12
2796,2,67,2,4,9
2797,2,44,4,2,1
2798,2,70,2,2,2
2799,4,36,8,2,12
2801,4,24,2,2,12
2803,2,75,2,2,3
2805,4,32,8,2,8
2806,2,37,2,4,4
2807,4,54,2,2,4
2811,2,29,2,2,12
2812,4,71,2,4,1
2814,2,36,2,2,16
2817,4,19,2,2,12
2818,4,35,2,2,12
2819,4,45,2,2,9
2820,4,36,8,2,12
2821,2,23,2,2,10
2822,2,40,2,2,9
2823,2,36,2,4,9
2825,4,43,2,2,9
2826,2,25,2,2,12
2827,2,57,8,2,5
2828,2,50,2,2,12
2830,4,18,2,2,12
2831,4,27,8,2,9
2832,4,45,8,2,9
2833,4,75,2,2,4
2834,4,71,8,4,4
2837,2,60,8,2,12
2838,2,24,2,2,16
2840,2,39,2,2,9
2842,4,19,2,2,11
2844,2,22,2,2,9
2846,4,62,2,2,1
2847,2,51,2,2,5
2849,4,68,4,2,5
2850,2,38,2,2,16
2852,4,48,2,2,2
2853,4,45,2,2,4
2854,4,43,2,2,16
2856,4,32,8,2,12
2857,4,57,2,2,3
2859,4,44,2,2,9
2860,4,23,2,2,16
2861,4,26,2,2,12
2862,2,32,2,2,16
2863,2,46,2,2,13
2864,2,33,8,2,7
2866,2,68,2,2,5
2867,4,33,2,2,17
2868,2,78,2,2,3
2869,4,52,2,2,4
2870,2,44,2,2,16
2873,2,51,8,4,1
2874,4,48,2,2,14
2875,4,51,2,2,16
2876,4,54,2,2,12
2878,2,25,2,2,13
2881,4,66,8,2,5
2882,4,26,2,2,9
2883,4,21,2,2,12
2884,4,35,2,2,12
2885,4,70,2,4,12
2887,4,33,2,2,4
2889,4,29,2,2,12
2890,2,20,2,2,12
2891,4,39,2,2,14
2892,4,45,8,2,5
2895,4,43,2,2,14
2896,2,20,2,2,14
2897,2,27,2,2,12
2898,4,41,2,2,8
2899,4,64,2,4,1
2900,4,19,2,2,12
2901,4,29,2,2,16
2902,2,82,2,2,5
2903,2,30,8,2,12
2904,4,21,2,2,11
2905,2,49,8,4,1
2906,2,32,2,2,1
2909,4,59,2,2,5
2910,4,41,2,2,12
2912,2,51,0,4,11
2913,4,20,2,2,12
2914,2,26,2,2,16
2915,2,47,8,2,8
2916,4,33,2,2,12
2918,2,58,8,2,1
2919,2,66,2,2,6
2920,4,37,2,2,12
2921,2,18,2,2,12
2922,2,19,2,2,7
2923,2,40,2,2,1
2924,2,26,4,2,12
2925,4,30,8,4,6
2926,2,22,2,2,6
2927,4,29,8,2,8
2928,2,74,8,4,1
2929,4,79,2,2,5
2932,2,60,2,4,1
2934,4,43,2,2,16
2935,4,43,2,2,16
2937,4,54,2,4,6
2938,2,31,2,2,12
2939,2,35,2,4,12
2941,4,67,2,2,2
2942,4,50,8,2,2
2944,2,82,4,4,1
2945,2,27,2,2,10
2946,4,52,8,4,3
2947,2,47,2,2,12
2948,4,22,2,2,6
2950,2,50,2,2,1
2954,4,26,2,2,14
2955,2,43,8,2,8
2956,4,24,2,2,11
2958,4,44,8,2,1
2959,2,49,2,2,9
2961,2,76,8,4,5
2962,2,40,8,2,1
2963,2,26,2,4,12
2964,4,43,2,2,4
2965,2,94,2,4,4
2966,2,27,2,2,12
2967,4,59,2,2,12
2968,4,55,2,2,12
2969,4,49,8,2,6
2971,2,66,2,2,1
2973,4,19,2,2,12
2974,4,43,2,2,16
2976,4,30,2,2,12
2979,4,23,2,2,13
2980,2,50,2,2,16
2981,2,23,8,4,12
2982,4,37,8,2,9
2983,2,46,2,2,6
2985,4,36,2,2,12
2987,4,31,2,2,12
2990,2,25,2,2,12
2991,4,19,2,2,12
2992,4,50,2,2,4
2993,2,36,8,2,12
2994,2,26,2,2,10
2995,4,35,2,2,11
2998,4,28,2,2,16
2999,4,41,8,2,8
3001,2,26,2,2,12
3002,4,51,8,2,12
3005,2,22,8,2,12
3006,2,28,2,2,12
3007,2,67,8,2,16
3008,4,27,2,2,12
3009,2,44,2,2,5
3010,4,25,2,2,13
3011,2,22,2,2,12
3012,4,53,2,2,5
3013,2,36,2,2,6
3014,4,39,8,2,10
3018,4,38,2,2,9
3019,2,42,2,2,11
3020,2,89,2,2,3
3021,4,38,2,2,16
3022,4,38,2,2,12
3023,2,53,2,2,9
3024,4,48,2,2,7
3025,2,70,2,2,12
3030,4,21,2,2,12
3031,2,20,2,2,14
3032,4,24,2,2,12
3033,2,36,2,2,6
3034,2,18,8,2,12
3038,2,28,2,2,7
3039,4,80,2,2,5
3040,4,62,6,4,1
3041,4,44,2,2,5
3042,2,40,2,2,1
3044,4,27,2,2,9
3045,2,44,2,2,16
3046,2,58,2,2,16
3047,2,37,2,2,16
3049,4,18,2,2,12
3050,2,21,2,2,13
3051,4,55,2,2,1
3052,4,69,2,4,5
3054,2,38,2,2,16
3055,2,59,2,2,1
3056,2,26,2,4,12
3057,4,47,2,2,5
3058,2,24,2,2,9
3060,4,53,2,2,5
3061,4,47,2,2,1
3064,2,63,2,2,5
3066,4,49,2,2,5
3067,4,25,2,2,12
3068,2,65,8,4,8
3069,4,25,2,2,15
3070,4,76,2,2,5
3073,4,35,2,2,5
3075,2,49,2,2,5
3077,2,18,2,2,10
3080,2,51,2,2,12
3081,2,64,2,2,9
3085,4,28,2,4,5
3086,4,23,2,2,9
3087,4,21,2,2,15
3088,2,32,2,2,2
3091,4,36,2,2,12
3092,2,41,2,2,12
3093,4,52,2,2,4
3094,2,47,8,2,1
3095,4,53,2,2,4
3096,4,34,2,4,6
3097,2,37,2,2,16
3098,2,41,2,2,12
3099,4,23,2,2,12
3100,2,19,2,2,9
3101,4,40,2,2,12
3104,2,23,2,2,12
3105,2,53,2,2,11
3106,4,42,2,2,12
3107,4,53,2,2,5
3109,2,49,2,2,12
3110,4,19,2,2,12
3111,2,28,2,2,16
3112,2,48,8,4,5
3114,4,20,2,2,13
3117,4,67,2,2,9
3118,2,35,2,2,12
3119,2,78,2,2,4
3121,2,41,2,2,16
3122,4,60,8,2,4
3123,2,37,2,2,8
3124,2,43,2,2,5
3126,4,48,2,4,12
3127,4,53,2,2,6
3128,2,48,8,4,4
3130,4,24,2,2,9
3132,2,22,2,2,10
3133,2,61,2,2,9
3135,4,29,2,2,15
3136,2,53,4,2,9
3137,4,54,2,2,5
3138,4,70,4,2,6
3139,4,42,2,2,10
3141,2,49,2,2,5
3142,2,51,2,2,6
3143,2,20,8,2,6
3144,2,20,2,2,14
3145,2,54,2,2,16
3146,4,18,2,2,11
3147,4,39,2,2,12
3148,4,54,2,2,4
3149,4,20,2,2,10
3150,2,36,2,2,5
3153,4,64,2,2,6
3154,2,41,2,2,3
3155,2,61,2,2,1
3156,4,20,2,2,12
3157,4,75,2,4,5
3158,2,67,2,4,16
3159,4,35,8,2,14
3161,2,18,8,2,12
3163,4,69,2,2,1
3164,4,53,2,2,14
3165,2,59,2,4,6
3166,4,50,2,2,5
3167,2,50,2,2,11
3168,2,22,2,2,10
3169,4,31,2,2,12
3170,4,18,2,2,12
3171,4,26,8,2,9
3173,4,65,2,2,5
3174,4,69,2,2,6
3175,2,54,2,2,7
3176,4,50,8,2,9
3177,4,49,2,2,6
3178,2,65,2,4,3
3179,2,48,2,2,12
3180,4,26,2,2,16
3181,4,31,2,2,12
3182,4,54,2,2,10
3183,4,38,2,2,6
3184,4,25,2,2,6
3185,2,57,2,2,5
3186,2,28,2,2,14
3187,2,63,2,2,12
3188,4,32,2,2,12
3189,2,33,2,2,12
3190,2,36,2,2,9
3191,4,75,2,2,6
3192,4,62,4,2,7
3193,4,40,2,2,12
3194,4,79,2,2,5
3195,2,47,2,2,9
3196,2,28,2,2,12
3197,2,22,2,2,13
3199,2,63,0,2,3
3200,4,29,2,2,16
3201,4,58,2,2,8
3202,2,56,8,2,11
3203,2,49,2,4,4
3205,4,20,8,2,7
3206,4,37,2,2,10
3207,4,42,2,2,16
3208,4,39,2,2,6
3209,2,19,2,2,1
3211,2,63,2,2,2
3213,2,37,4,2,4
3214,2,24,2,2,12
3216,4,20,2,2,14
3217,4,36,2,2,12
3218,2,35,2,2,6
3219,4,19,2,2,12
3221,4,51,2,2,10
3223,4,30,2,2,12
3224,4,35,2,2,6
3225,4,30,2,2,12
3226,4,53,2,2,12
3227,4,26,2,2,12
3230,4,19,2,2,7
3231,2,74,2,2,10
3232,4,21,2,2,12
3233,2,32,2,2,5
3234,2,63,2,2,6
3235,4,60,2,2,12
3237,2,18,2,2,11
3238,2,45,2,4,3
3243,2,22,2,2,13
3244,2,26,2,2,11
3246,4,36,2,2,13
3247,2,48,2,2,9
3249,2,77,2,4,1
3250,4,43,2,2,9
3251,4,42,2,2,15
3252,2,42,2,2,16
3254,4,44,2,2,16
3255,4,33,8,2,6
3257,2,82,2,4,1
3258,2,25,2,2,16
3259,4,79,2,2,9
3261,4,51,2,2,12
3262,2,27,2,2,16
3263,4,46,2,2,12
3265,4,59,4,4,5
3266,4,56,8,2,16
3267,4,21,2,2,17
3268,2,38,2,2,12
3269,2,33,8,2,7
3271,2,53,2,2,9
3273,4,68,2,2,12
3274,4,48,2,2,16
3275,4,28,2,2,16
3277,4,86,2,2,6
3279,2,47,2,2,13
3280,4,83,2,2,7
3281,4,57,2,2,12
3282,4,18,2,2,10
3283,4,48,2,2,6
3284,4,75,2,2,6
3285,4,50,2,2,16
3287,4,32,2,2,16
3288,4,77,2,4,3
3289,2,57,2,2,6
3290,4,59,4,2,7
3291,4,44,2,2,13
3292,2,47,2,2,8
3293,2,79,2,2,12
3294,4,18,2,2,11
3295,4,53,2,2,6
3296,2,36,2,2,12
3298,4,53,2,2,12
3299,2,51,2,2,8
3300,2,24,2,2,11
3301,4,36,2,2,9
3303,2,43,2,2,9
3305,4,21,2,2,12
3306,2,61,2,2,3
3307,2,43,2,2,6
3308,4,72,2,2,4
3309,4,44,8,2,4
3311,2,38,2,2,12
3313,4,46,2,2,16
3316,2,27,2,4,12
3317,4,60,2,2,4
3318,4,45,2,2,9
3319,4,37,8,2,6
3320,4,49,2,2,9
3321,2,64,8,4,2
3322,2,42,8,2,3
3323,2,44,2,2,5
3324,4,43,2,2,16
3325,2,68,2,2,9
3326,2,32,2,2,16
3327,2,64,2,2,6
3328,4,61,2,2,5
3330,4,40,2,2,4
3331,4,42,2,2,5
3332,2,53,2,2,10
3334,4,53,2,2,9
3335,4,44,2,2,14
3336,2,26,2,2,7
3338,2,55,2,2,1
3341,2,62,2,2,4
3342,4,26,2,2,16
3343,2,53,8,2,6
3344,4,34,2,2,12
3345,2,30,2,2,12
3346,4,58,2,2,5
3347,4,52,8,2,5
3348,4,20,8,2,10
3350,4,60,2,2,7
3353,4,30,2,2,12
3354,2,27,0,2,9
3355,2,37,2,2,5
3357,2,68,8,4,16
3358,2,34,2,2,10
3359,4,53,2,2,12
3360,4,18,2,2,11
3361,4,45,2,2,13
3362,2,24,8,2,12
3363,2,25,2,2,7
3364,2,39,2,2,7
3365,4,74,2,2,3
3366,2,52,2,2,1
3367,4,51,2,2,16
3368,2,66,2,2,12
3369,2,25,2,2,5
3371,4,82,2,2,4
3372,4,60,2,2,12
3373,2,67,2,2,1
3374,4,50,4,2,12
3376,2,59,2,2,9
3378,4,69,2,4,6
3379,4,49,2,2,9
3380,4,19,2,2,12
3381,2,36,2,2,16
3382,4,34,2,2,16
3383,2,48,2,2,7
3385,4,18,0,2,11
3386,4,22,8,2,9
3387,4,49,8,4,1
3388,4,23,8,2,9
3389,4,56,2,2,5
3390,2,26,2,2,12
3391,2,34,8,2,9
3392,4,49,8,2,1
3393,2,62,2,2,4
3394,4,28,2,2,16
3395,2,50,2,2,15
3396,2,55,2,2,16
3397,2,38,2,2,1
3398,2,54,8,4,12
3399,4,48,2,2,1
3402,2,37,2,2,6
3403,2,38,8,2,16
3404,4,48,2,2,4
3405,4,52,2,2,9
3406,4,53,2,2,9
3408,2,26,8,2,14
3409,4,54,6,2,5
3411,2,76,2,2,3
3412,4,25,8,2,11
3413,4,31,8,2,5
3417,4,25,8,2,12
3418,4,43,8,2,16
3419,4,59,6,4,4
3420,4,41,2,2,6
3423,2,43,2,2,8
3424,4,36,8,2,4
3425,4,31,2,2,12
3426,4,35,8,2,12
3427,4,19,2,2,12
3428,4,19,8,4,6
3429,2,19,8,2,12
3430,4,61,2,2,5
3431,2,61,2,2,16
3432,4,21,8,2,6
3434,4,32,2,2,6
3435,4,57,8,2,2
3436,2,19,2,2,13
3438,4,41,2,2,1
3439,4,26,8,2,13
3444,2,67,8,4,1
3445,4,48,8,4,5
3447,2,45,8,2,3
3448,2,48,8,2,4
3449,2,48,8,2,5
3450,2,18,2,2,5
3451,2,21,8,2,9
3453,4,38,2,2,5
3454,4,32,8,2,7
3456,2,28,8,2,7
3458,2,41,8,4,10
3459,2,29,2,2,4
3460,4,49,8,2,1
3461,2,30,8,2,8
3462,2,31,8,4,5
3463,2,23,2,2,7
3464,2,71,4,4,5
3465,4,43,8,2,6
3466,4,64,8,4,1
3467,4,35,2,4,7
3470,2,36,8,2,11
3471,4,45,8,2,1
3472,4,44,4,4,1
3473,4,31,2,2,12
3474,4,46,8,2,6
3476,2,35,2,2,5
3478,2,44,8,2,9
3479,2,48,8,4,12
3481,2,31,8,4,1
3483,2,35,8,2,12
3486,4,72,8,4,6
3488,4,56,2,4,9
3489,4,39,4,2,13
3490,2,26,2,2,12
3492,2,19,8,2,10
3493,4,54,8,2,16
3494,2,36,4,4,3
3495,2,24,8,2,12
3498,4,39,8,2,6
3499,2,20,2,4,7
3500,2,65,4,4,1
3505,4,36,2,2,12
3506,2,65,8,2,3
3507,2,42,8,2,6
3508,4,48,8,4,1
3509,2,62,8,2,12
3510,2,56,2,2,8
3511,4,46,2,2,15
3512,2,24,8,2,11
3514,4,33,2,2,11
3516,4,23,2,2,10
3517,2,61,8,2,5
3518,4,57,6,2,4
3520,2,52,2,2,11
3522,4,24,8,4,9
3524,2,25,8,4,9
3525,4,51,2,4,5
3526,4,37,8,4,6
3527,2,28,2,2,12
3528,2,23,0,2,9
3529,4,22,2,2,12
3531,2,54,8,2,1
3532,4,30,0,2,6
3535,4,40,2,2,12
3537,4,19,2,2,12
3538,2,49,4,2,10
3539,4,66,0,2,5
3542,4,30,2,2,12
3543,4,73,8,4,1
3545,2,52,8,2,12
3546,4,42,8,2,3
3548,4,39,2,2,16
3549,4,25,8,2,8
3551,2,55,2,2,12
3554,4,73,8,2,2
3555,4,64,8,2,1
3556,4,72,2,2,5
3557,4,70,8,2,1
3559,4,48,8,4,4
3560,2,71,4,4,1
3561,4,31,2,4,6
3562,4,40,2,4,1
3563,2,46,2,2,12
3567,2,47,2,2,11
3569,2,54,8,4,9
3572,2,20,8,2,11
3574,4,42,2,4,15
3576,4,49,8,4,1
3577,4,21,4,2,8
3578,2,47,2,2,7
3579,4,65,4,2,1
3580,4,36,8,2,14
3581,4,22,2,2,15
3582,2,20,8,2,12
3583,2,44,2,2,16
3586,4,23,8,2,16
3587,2,49,2,2,12
3588,4,31,2,2,12
3589,2,27,2,2,16
3591,4,47,2,2,16
3592,2,31,2,2,14
3593,2,43,8,2,8
3594,4,57,8,2,3
3596,2,34,2,2,9
3597,2,41,8,2,10
3601,2,60,8,2,7
3603,4,52,2,2,1
3604,2,43,8,2,7
3606,4,34,2,2,10
3607,2,92,8,2,5
3608,4,27,2,2,9
3610,2,48,8,2,9
3611,4,31,8,2,8
3612,4,40,2,2,12
3613,4,68,8,2,1
3614,4,64,2,2,1
3615,2,59,2,4,1
3616,2,52,8,2,1
3617,4,77,8,2,1
3618,2,40,8,2,12
3620,4,32,8,2,6
3621,4,38,2,2,12
3622,2,76,2,4,3
3623,2,47,2,2,1
3627,2,58,8,4,1
3628,2,26,2,4,5
3629,2,29,8,4,9
3631,4,35,8,4,8
3632,2,50,8,4,4
3634,4,26,8,2,12
3635,2,73,8,4,1
3636,2,54,2,4,11
3637,4,41,2,2,16
3639,4,54,2,2,5
3640,2,64,2,4,4
3641,4,26,2,4,12
3642,4,22,2,4,12
3644,4,52,8,2,10
3646,2,19,2,2,12
3649,4,46,8,2,1
3653,2,76,2,4,4
3654,2,23,8,2,12
3655,2,40,8,2,5
3656,2,52,2,2,8
3657,2,30,8,2,12
3658,2,32,8,2,6
3659,2,85,8,2,1
3660,2,29,2,2,13
3662,2,20,8,2,11
3663,4,60,4,4,4
3664,2,30,8,2,3
3666,2,63,2,2,12
3667,2,18,8,4,8
3668,4,71,8,4,1
3669,2,50,8,2,10
3670,4,18,8,2,8
3675,2,35,8,2,12
3677,4,48,8,2,9
3679,4,28,4,2,11
3681,2,19,8,2,10
3683,4,33,8,2,12
3684,2,87,8,4,8
3686,2,27,2,2,1
3687,2,24,8,2,12
3688,4,72,8,2,12
3689,2,34,4,2,12
3690,4,36,2,2,14
3692,4,51,2,2,16
3693,4,21,2,2,12
3694,4,78,2,2,9
3695,4,57,8,2,16
3696,4,40,2,2,12
3697,2,41,8,2,12
3699,2,38,0,2,16
3700,2,55,2,2,5
3701,2,79,2,2,5
3703,4,40,8,2,13
3705,2,55,8,2,16
3706,4,64,2,2,11
3707,2,51,8,2,12
3711,2,38,8,2,12
3712,2,55,2,2,5
3713,2,51,2,2,16
3714,4,22,8,2,12
3715,4,28,4,2,12
3716,4,23,8,2,12
3718,2,22,8,2,15
3719,4,71,2,2,5
3720,4,36,4,2,11
3721,2,31,2,2,5
3722,2,22,8,2,12
3723,4,40,2,2,12
3724,4,39,8,2,1
3725,2,66,8,2,1
3726,4,33,8,2,12
3729,2,69,8,2,2
3731,4,43,2,2,16
3732,4,34,8,2,6
3733,2,37,8,2,1
3734,2,55,8,2,3
3735,4,52,2,2,12
3736,4,48,8,2,6
3738,4,51,2,2,16
3739,4,28,8,2,12
3740,4,72,2,4,1
3741,4,42,8,2,9
3742,2,48,2,2,5
3743,2,65,2,2,5
3748,4,24,4,2,14
3749,4,58,2,2,5
3750,2,40,8,2,12
3751,2,58,8,2,6
3753,4,31,8,2,16
3754,4,40,8,2,11
3756,4,43,2,2,12
3757,4,25,2,2,15
3759,2,37,4,2,7
3760,2,70,4,2,4
3761,2,80,8,2,16
3762,2,35,2,2,16
3763,2,26,2,2,9
3765,4,45,8,2,14
3766,4,19,2,2,12
3767,2,18,2,2,12
3770,4,42,8,2,12
3772,2,27,2,2,11
3775,2,24,2,2,13
3776,4,35,8,2,9
3778,4,48,2,2,16
3779,4,29,4,2,8
3780,2,31,8,2,9
3781,4,19,8,2,12
3782,2,25,8,2,12
3787,2,22,8,2,5
3788,4,27,2,2,15
3789,2,46,2,2,12
3790,4,62,8,2,1
3791,2,48,8,2,12
3792,2,44,2,2,12
3793,2,27,8,2,12
3794,4,19,8,2,11
3796,4,42,4,2,5
3798,2,52,2,2,12
3799,2,33,2,2,16
3801,4,28,6,2,16
3802,4,64,2,2,4
3804,2,22,8,2,12
3805,4,53,2,2,16
